Comment	CommentID	CreateTimeStamp	Type	videoID	videoTitle
pa pa pradou paradaise	UgzAtkJ26EclBupVqW14AaABAg	2018-12-08T02:38:41.000Z	Comment	1G4isv_Fylg	Coldplay - Paradise (Official Video)
WILLIREX	UgydX8frlIj-lWf2zXN4AaABAg	2018-12-08T02:11:40.000Z	Comment	1G4isv_Fylg	Coldplay - Paradise (Official Video)
Perfect	UgwJutpSLoh7gKzs7d54AaABAg	2018-12-08T02:03:35.000Z	Comment	1G4isv_Fylg	Coldplay - Paradise (Official Video)
Saudades de malha o	UgxzCNt4escMN18WtY54AaABAg	2018-12-08T02:02:57.000Z	Comment	1G4isv_Fylg	Coldplay - Paradise (Official Video)
Ah this song is me when i was like years My life was easier and i felt identified with the letter i wish i could explain this more but it will take a lot of time and no one will read it	UgwXS_TjPrLFNirtEkh4AaABAg	2018-12-08T02:00:28.000Z	Comment	1G4isv_Fylg	Coldplay - Paradise (Official Video)
Like si viniste por willirex v	UgyLTcFmP1IgIIyIMwZ4AaABAg	2018-12-08T02:00:26.000Z	Comment	1G4isv_Fylg	Coldplay - Paradise (Official Video)
Good song but this is the story of how furrys were invented	UgwMuBsiV_sg1QYWzB54AaABAg	2018-12-08T01:31:58.000Z	Comment	1G4isv_Fylg	Coldplay - Paradise (Official Video)
Willyrex si que sabe cantar xd	UgwVZndlLUpUPz93eaF4AaABAg	2018-12-08T01:17:07.000Z	Comment	1G4isv_Fylg	Coldplay - Paradise (Official Video)
My fav	Ugxpya-9k7hNEokCOp54AaABAg	2018-12-08T01:06:11.000Z	Comment	1G4isv_Fylg	Coldplay - Paradise (Official Video)
Its a shit	UgwnFRFnkfKLVtWH3BN4AaABAg	2018-12-08T01:01:26.000Z	Comment	1G4isv_Fylg	Coldplay - Paradise (Official Video)
WILLYREX xD	Ugwm5rMBcadbEdi2frd4AaABAg	2018-12-08T00:45:41.000Z	Comment	1G4isv_Fylg	Coldplay - Paradise (Official Video)
SouAwaker	UgwhpDOaZ8BVjtM83dp4AaABAg	2018-12-08T00:34:08.000Z	Comment	1G4isv_Fylg	Coldplay - Paradise (Official Video)
HAPPY BILLION OF PARADISE	UgxAiFnks5SsL3QyU7B4AaABAg	2018-12-08T00:20:36.000Z	Comment	1G4isv_Fylg	Coldplay - Paradise (Official Video)
QUE UN BILL N DE VISITAS	UgyP5YTXB8gieC9CNu54AaABAg	2018-12-08T00:12:50.000Z	Comment	1G4isv_Fylg	Coldplay - Paradise (Official Video)
A m sica est ficando velha Mais amo	UgyZ-q8ksFSPrPEgYkt4AaABAg	2018-12-07T23:42:22.000Z	Comment	1G4isv_Fylg	Coldplay - Paradise (Official Video)
Cute	UgzA7aVs7aILpeMXzsh4AaABAg	2018-12-07T23:39:52.000Z	Comment	1G4isv_Fylg	Coldplay - Paradise (Official Video)
wow wow i love it	UgxsBHU3FAZhz9nnAHd4AaABAg	2018-12-07T23:27:45.000Z	Comment	1G4isv_Fylg	Coldplay - Paradise (Official Video)
PARAU PARAU PARADISE	Ugy4mbPnDQz7beITNrR4AaABAg	2018-12-07T23:09:43.000Z	Comment	1G4isv_Fylg	Coldplay - Paradise (Official Video)
I m addicted to this song Help me	UgzgI7ML5rVn3asaFMx4AaABAg	2018-12-07T23:00:14.000Z	Comment	1G4isv_Fylg	Coldplay - Paradise (Official Video)
Paradaise dijo el willy	UgxOL4tf_Awyfx5I4nJ4AaABAg	2018-12-07T22:50:36.000Z	Comment	1G4isv_Fylg	Coldplay - Paradise (Official Video)
It s only love	UgwE9g-XzAw9uD1fhaB4AaABAg	2018-12-08T01:30:48.000Z	Comment	QtXby3twMmI	Coldplay - Adventure Of A Lifetime (Official Video)
Like si bienes por los monos	UgyyDVZjqlpzOw8gIA54AaABAg	2018-12-08T01:25:32.000Z	Comment	QtXby3twMmI	Coldplay - Adventure Of A Lifetime (Official Video)
I always loved this song and never knew it was Coldplay or that his was the song s name Thanks	UgzEtjNU-P9raZhkGsF4AaABAg	2018-12-07T23:54:02.000Z	Comment	QtXby3twMmI	Coldplay - Adventure Of A Lifetime (Official Video)
My wife left me and took the kids	Ugy7PIdsP4SPXa8_1qB4AaABAg	2018-12-07T23:45:33.000Z	Comment	QtXby3twMmI	Coldplay - Adventure Of A Lifetime (Official Video)
CHANGOS	UgwDQ2RZ4rq-n8sRcgV4AaABAg	2018-12-07T23:31:21.000Z	Comment	QtXby3twMmI	Coldplay - Adventure Of A Lifetime (Official Video)
So basically I AM MONKY	Ugxdr7tC5hQJvA_bZnp4AaABAg	2018-12-07T22:46:29.000Z	Comment	QtXby3twMmI	Coldplay - Adventure Of A Lifetime (Official Video)
So basically	UgzhpKHj0Nxr_NKRBNd4AaABAg	2018-12-07T21:55:10.000Z	Comment	QtXby3twMmI	Coldplay - Adventure Of A Lifetime (Official Video)
December th Rio de Janeiro Brazil	UgycrHSa12n4CIEt-l14AaABAg	2018-12-07T21:36:59.000Z	Comment	QtXby3twMmI	Coldplay - Adventure Of A Lifetime (Official Video)
I m not ashamed to say I m in th grade and I m here from chuck e cheeses	UgzcjIE7m9VQfo3N6pR4AaABAg	2018-12-07T20:57:13.000Z	Comment	QtXby3twMmI	Coldplay - Adventure Of A Lifetime (Official Video)
Because this Video IS FREAKING AWESOME	UgzNr4xMrXudALaHe854AaABAg	2018-12-07T20:56:46.000Z	Comment	QtXby3twMmI	Coldplay - Adventure Of A Lifetime (Official Video)
Racist wait maybe the people that think a monkey is racist ARE REALLY THE STUPID ASS LEFTIST COMMUNIST RACIST FASCIST NAZIS	UgwMyQvY5wh1R6lhjhx4AaABAg	2018-12-07T20:56:29.000Z	Comment	QtXby3twMmI	Coldplay - Adventure Of A Lifetime (Official Video)
Me encanta esta canci n	UgxM8gkkM608uqhbR7R4AaABAg	2018-12-07T19:31:39.000Z	Comment	QtXby3twMmI	Coldplay - Adventure Of A Lifetime (Official Video)
Es la peor canci n que vi	UgxUKHEPE-xswWsf6ih4AaABAg	2018-12-07T18:43:37.000Z	Comment	QtXby3twMmI	Coldplay - Adventure Of A Lifetime (Official Video)
Come on this song need billion view	UgwWuBpC9MdMqRM0S4J4AaABAg	2018-12-07T18:32:58.000Z	Comment	QtXby3twMmI	Coldplay - Adventure Of A Lifetime (Official Video)
Ahahaa mirt mahnidi qouram seni zenge	UgxfAz4LwyYef2BlMS14AaABAg	2018-12-07T17:52:32.000Z	Comment	QtXby3twMmI	Coldplay - Adventure Of A Lifetime (Official Video)
Coldplay is really special I love Adventure of a lifetime hymn for the weekend and A sky full of stars And can someone recommend few of his other best songs	UgwweEo21ypjYPE4ROh4AaABAg	2018-12-07T17:15:46.000Z	Comment	QtXby3twMmI	Coldplay - Adventure Of A Lifetime (Official Video)
ndiaye yero vidoe	UgxOytXlriGXqT8niEJ4AaABAg	2018-12-07T17:06:40.000Z	Comment	QtXby3twMmI	Coldplay - Adventure Of A Lifetime (Official Video)
Yu mam yee	UgxwNBgVx9d1kBMDAt54AaABAg	2018-12-07T16:17:24.000Z	Comment	QtXby3twMmI	Coldplay - Adventure Of A Lifetime (Official Video)
Eduartina ever	Ugwhxs5SChT5Jz4MUBF4AaABAg	2018-12-07T15:37:13.000Z	Comment	QtXby3twMmI	Coldplay - Adventure Of A Lifetime (Official Video)
No te preguntaron we Xd v	UgxUKHEPE-xswWsf6ih4AaABAg.8oZgXtYrYo98oZhuer-gzq	2018-12-07T18:55:36.000Z	Reply	QtXby3twMmI	Coldplay - Adventure Of A Lifetime (Official Video)
Essa m sica t o foda que o final do clipe o come o de tudo	UgyUWPWbov3deIk4lw54AaABAg	2018-12-08T02:07:49.000Z	Comment	RB-RcX5DS5A	Coldplay - The Scientist
Quase	Ugya357yGp_yPwxcAHR4AaABAg	2018-12-08T02:06:54.000Z	Comment	RB-RcX5DS5A	Coldplay - The Scientist
Algu m nessa hora	Ugx0jYQxQMNy5FdgjtV4AaABAg	2018-12-08T01:41:30.000Z	Comment	RB-RcX5DS5A	Coldplay - The Scientist
She put her Jacket on and forget to put her seat belt back and went flying out the windshield	UgwKbqasee955Lcbt8h4AaABAg	2018-12-08T01:29:14.000Z	Comment	RB-RcX5DS5A	Coldplay - The Scientist
Amo essa m sica	UgxKYQYQj5-T4N3cKXJ4AaABAg	2018-12-08T01:11:49.000Z	Comment	RB-RcX5DS5A	Coldplay - The Scientist
Te extra o Agus	UgxbX5I4gsTOGTotRG54AaABAg	2018-12-08T01:05:00.000Z	Comment	RB-RcX5DS5A	Coldplay - The Scientist
Sony And BMG British Music Group entertainment company If I had to Scale the verdict Firstly Paste Abstarct Art Rythem Melody Beat and finally Instrumental and Vocals and Bars however in a Scored Marsterd Master disc Single Play Speed min in Broadwidth of disc So the demo The EP End Play Speed Tracks ussally with demos with a perion of bars then Mixed Re mixed Sampled Binding the exerts and finally the composed Rock n Roll Masterd Each unique Bar played well hooking up with a hidden value the bridge and Chords were Ill put it simple That work is Deffiently a Classic Yet Epic Art is ussualy go s too not many if any and the song of the same Subsidary Company Passenger let her go Epic and Three wise men JAmes Blunt BMG and Billie Jean M J J Epic RCA MCA UMG and Imagine John Lennon WMG	UgzxPGJeMfZjkVAw0l14AaABAg	2018-12-08T00:03:25.000Z	Comment	RB-RcX5DS5A	Coldplay - The Scientist
No quiero que nadie me hable de Amor v no sean nacos es Coldplay	Ugwsx2fk9K9VRmWay194AaABAg	2018-12-07T23:08:01.000Z	Comment	RB-RcX5DS5A	Coldplay - The Scientist
Alguien habla espa ol Quise ver los comentarios pero hay como en espa ol v	UgwLV7YBPweOU6MVM994AaABAg	2018-12-07T22:06:47.000Z	Comment	RB-RcX5DS5A	Coldplay - The Scientist
Algu m pelo post do Instagram Kkkkkkkk	UgzFbAe1e51UmfhntA14AaABAg	2018-12-07T21:45:57.000Z	Comment	RB-RcX5DS5A	Coldplay - The Scientist
a beautyful song	Ugyb9L1j-9lm0ROEDBF4AaABAg	2018-12-07T21:21:44.000Z	Comment	RB-RcX5DS5A	Coldplay - The Scientist
hit like	UgxF944kzkoIOv89abx4AaABAg	2018-12-07T19:35:00.000Z	Comment	RB-RcX5DS5A	Coldplay - The Scientist
Some things will be always there Eternal love the first video song I had ever seen THANK you guys	UgwlaaKbXjLZITiSlo14AaABAg	2018-12-07T19:04:36.000Z	Comment	RB-RcX5DS5A	Coldplay - The Scientist
DICIEMBRE UP	UgxaLVuZNhFmO3DB_Ah4AaABAg	2018-12-07T18:40:09.000Z	Comment	RB-RcX5DS5A	Coldplay - The Scientist
Me enamore	Ugwzs1eMw2wfBZq6VEV4AaABAg	2018-12-07T17:31:01.000Z	Comment	RB-RcX5DS5A	Coldplay - The Scientist
Yo v	UgwLV7YBPweOU6MVM994AaABAg.8o_2mxqw1kC8o_3rXS_P6Q	2018-12-07T22:16:08.000Z	Reply	RB-RcX5DS5A	Coldplay - The Scientist
muito top	UgyBRPRYvxWYHt-M4jt4AaABAg	2018-12-08T00:41:47.000Z	Comment	VPRjCeoBqrI	Coldplay - A Sky Full Of Stars (Official Video)
Ohmydghaaaad	UgwvxpKynMOmxchfkwF4AaABAg	2018-12-07T23:36:18.000Z	Comment	VPRjCeoBqrI	Coldplay - A Sky Full Of Stars (Official Video)
What was Chris Martin wearing	Ugzh8hMymskjsaAngmp4AaABAg	2018-12-07T18:57:11.000Z	Comment	VPRjCeoBqrI	Coldplay - A Sky Full Of Stars (Official Video)
Diciembre	UgzVLsOgVzzQkiqW7Hh4AaABAg	2018-12-07T18:10:28.000Z	Comment	VPRjCeoBqrI	Coldplay - A Sky Full Of Stars (Official Video)
noticed the guy running against it	Ugx3pPHcVtGm7zFAD3h4AaABAg	2018-12-07T17:41:15.000Z	Comment	VPRjCeoBqrI	Coldplay - A Sky Full Of Stars (Official Video)
I like this song so much	UgwGVlzD-3roe37bwNF4AaABAg	2018-12-07T15:56:04.000Z	Comment	VPRjCeoBqrI	Coldplay - A Sky Full Of Stars (Official Video)
Diciembre	Ugx8n1_TaHKQxCSmPuF4AaABAg	2018-12-07T15:46:11.000Z	Comment	VPRjCeoBqrI	Coldplay - A Sky Full Of Stars (Official Video)
Goosebumps	UgxImtcIlnaAa11c8ex4AaABAg	2018-12-07T14:53:11.000Z	Comment	VPRjCeoBqrI	Coldplay - A Sky Full Of Stars (Official Video)
Desember	UgwgZ_uvpmDCoGYZf9Z4AaABAg	2018-12-07T14:27:55.000Z	Comment	VPRjCeoBqrI	Coldplay - A Sky Full Of Stars (Official Video)
So cute coldplay I love this song	UgyCdigxpM50c1cE6Hl4AaABAg	2018-12-07T13:22:56.000Z	Comment	VPRjCeoBqrI	Coldplay - A Sky Full Of Stars (Official Video)
Love you coldplay	UgyAsiCpP422L5WrrJd4AaABAg	2018-12-07T13:04:47.000Z	Comment	VPRjCeoBqrI	Coldplay - A Sky Full Of Stars (Official Video)
omg coldplayyy detonaaaaaaaaaaaaaaaaaaaaaaaaa loveeeeeeeeeeeeeee coldplayyyyyyy se eu ir no show deles um dia eu desmaio	UgzpbbnOIGzHBe8Zyg54AaABAg	2018-12-07T12:28:56.000Z	Comment	VPRjCeoBqrI	Coldplay - A Sky Full Of Stars (Official Video)
Brasileiros	UgzzpM4cHCS-sTaniSh4AaABAg	2018-12-07T12:13:30.000Z	Comment	VPRjCeoBqrI	Coldplay - A Sky Full Of Stars (Official Video)
Echt super das lied k nnte ich stunden lang singen	UgweNQ11AYdYmpAz67d4AaABAg	2018-12-07T10:59:13.000Z	Comment	VPRjCeoBqrI	Coldplay - A Sky Full Of Stars (Official Video)
the power of now that s coldplay live the present moment	UgxuXycQr6WMkGGU2Id4AaABAg	2018-12-07T10:17:40.000Z	Comment	VPRjCeoBqrI	Coldplay - A Sky Full Of Stars (Official Video)
always loved this song and chris n avicii still do	UgyRSapqqbQvHqGA7MZ4AaABAg	2018-12-07T06:30:18.000Z	Comment	VPRjCeoBqrI	Coldplay - A Sky Full Of Stars (Official Video)
Anyone december	UgzJexr4hFsWu-pWLoJ4AaABAg	2018-12-07T04:56:44.000Z	Comment	VPRjCeoBqrI	Coldplay - A Sky Full Of Stars (Official Video)
Love india From brazil	UgxJZu3hIApEphDkQsR4AaABAg	2018-12-08T02:45:06.000Z	Comment	YykjpeuMNEk	Coldplay - Hymn For The Weekend (Official Video)
LOVE india from korea	Ugxl8z7QpqMWSMqVkW94AaABAg	2018-12-08T02:35:41.000Z	Comment	YykjpeuMNEk	Coldplay - Hymn For The Weekend (Official Video)
Love India on earth	UgzwK8v_dRN7Vcfk5Vh4AaABAg	2018-12-08T02:35:32.000Z	Comment	YykjpeuMNEk	Coldplay - Hymn For The Weekend (Official Video)
Love India	Ugw7QpPvG8eSTttD_Wp4AaABAg	2018-12-08T02:35:32.000Z	Comment	YykjpeuMNEk	Coldplay - Hymn For The Weekend (Official Video)
Love India from maharashtra	Ugxlq3vla_NK1Vjpm-Z4AaABAg	2018-12-08T02:33:00.000Z	Comment	YykjpeuMNEk	Coldplay - Hymn For The Weekend (Official Video)
love india from indonesia	UgyAksmG2LHRpnP57oJ4AaABAg	2018-12-08T02:30:49.000Z	Comment	YykjpeuMNEk	Coldplay - Hymn For The Weekend (Official Video)
I love the time he say oh i oh i i love it	UgyS1zZpJwGXh8qzqM14AaABAg	2018-12-08T02:23:10.000Z	Comment	YykjpeuMNEk	Coldplay - Hymn For The Weekend (Official Video)
love india from indonesia	Ugz7vS9ZdRUX-NA2rWt4AaABAg	2018-12-08T02:19:27.000Z	Comment	YykjpeuMNEk	Coldplay - Hymn For The Weekend (Official Video)
Love Rossua and Kitai ROSSUA Rossua	Ugwp1IKhYKhO7G6HdfZ4AaABAg	2018-12-08T02:13:25.000Z	Comment	YykjpeuMNEk	Coldplay - Hymn For The Weekend (Official Video)
Love India from Mexico	Ugyv1MSCNcArivLDAzV4AaABAg	2018-12-08T02:05:30.000Z	Comment	YykjpeuMNEk	Coldplay - Hymn For The Weekend (Official Video)
Brazil	Ugws72bf3ML9P_F0mch4AaABAg	2018-12-08T02:00:06.000Z	Comment	YykjpeuMNEk	Coldplay - Hymn For The Weekend (Official Video)
Love India from America	Ugw0wa22J6uGvHOc2Gl4AaABAg	2018-12-08T01:56:36.000Z	Comment	YykjpeuMNEk	Coldplay - Hymn For The Weekend (Official Video)
Who search with a keyword aa oo aa oo aa	UgxteIpM08qpgtnBqKF4AaABAg	2018-12-08T01:49:16.000Z	Comment	YykjpeuMNEk	Coldplay - Hymn For The Weekend (Official Video)
Damm am feeling ah oh ah	UgyTferlH2uHtKEze6V4AaABAg	2018-12-08T01:23:43.000Z	Comment	YykjpeuMNEk	Coldplay - Hymn For The Weekend (Official Video)
My race is india	Ugy0oHy88YtgtMHM_iJ4AaABAg	2018-12-08T01:12:13.000Z	Comment	YykjpeuMNEk	Coldplay - Hymn For The Weekend (Official Video)
Love India from Indonesian	UgxNt3DEohy7s2eEwrp4AaABAg	2018-12-08T01:06:37.000Z	Comment	YykjpeuMNEk	Coldplay - Hymn For The Weekend (Official Video)
Love India IN from India IN	Ugxqwrsg_G7JFMmoOx14AaABAg	2018-12-08T00:55:54.000Z	Comment	YykjpeuMNEk	Coldplay - Hymn For The Weekend (Official Video)
Who s listening whenever feel down	UgwNy-9yMYbLhhBDqt14AaABAg	2018-12-08T00:43:47.000Z	Comment	YykjpeuMNEk	Coldplay - Hymn For The Weekend (Official Video)
Preciosa canci n me identifica me encanta	Ugy--VMZZAUDV6nKSwF4AaABAg	2018-12-08T01:47:22.000Z	Comment	k4V3Mo61fJM	Coldplay - Fix You
When you like your own comment because you re officially too late for a meme	UgxYkgWklss8apH-TlN4AaABAg	2018-12-08T01:20:56.000Z	Comment	k4V3Mo61fJM	Coldplay - Fix You
This is my life no joke	Ugw8DjOJFvpWVGin40F4AaABAg	2018-12-08T00:53:28.000Z	Comment	k4V3Mo61fJM	Coldplay - Fix You
What happened to music I like rap and hip hop the most but it gets a little too repetitive	Ugwvpi9Dhoung9qj5oh4AaABAg	2018-12-07T22:38:04.000Z	Comment	k4V3Mo61fJM	Coldplay - Fix You
When the world ends ill be listining this	Ugw0149-MtQa7Gx14ux4AaABAg	2018-12-07T21:24:15.000Z	Comment	k4V3Mo61fJM	Coldplay - Fix You
When you try your best but you don t succeed When you get what you want but not what you need When you feel so tired but you can t sleep Stuck in reverse And the tears come streaming down your face When you lose something you can t replace When you love someone but it goes to waste Could it be worse Lights will guide you home And ignite your bones And I will try to fix you And high up above or down below When you re too in love to let it go But if you never try you ll never know Just what you re worth Lights will guide you home And ignite your bones And I will try to fix you Tears stream down your face When you lose something you cannot replace Tears stream down your face and I Tears stream down your face I promise you I will learn from my mistakes Tears stream down your face and I Lights will guide you home And ignite your bones And I will try to fix you	UgznCFHva3mN050BEfJ4AaABAg	2018-12-07T20:54:15.000Z	Comment	k4V3Mo61fJM	Coldplay - Fix You
This is one of the ONLY songs where there are real comments People who talk about things they did or things that happened to them Real stories Not who is watching this in This song as well as all the people who are watching and commenting are awesome	UgxMr-g5joayHPVc-Vl4AaABAg	2018-12-07T20:29:33.000Z	Comment	k4V3Mo61fJM	Coldplay - Fix You
First time I seen this video deep meaning now	UgxeMlU1BEg1vFRvzmd4AaABAg	2018-12-07T20:15:33.000Z	Comment	k4V3Mo61fJM	Coldplay - Fix You
Tem algum brasileiro ouvindo em dezembro de	Ugz3x5p6STGBhBuaNLh4AaABAg	2018-12-07T19:07:42.000Z	Comment	k4V3Mo61fJM	Coldplay - Fix You
anyone who hates this son will never be forgiven	UgznTQLHT8TZaPlKd3F4AaABAg	2018-12-07T18:58:39.000Z	Comment	k4V3Mo61fJM	Coldplay - Fix You
Anyone k	UgyftYPVR3BkmiXpciR4AaABAg	2018-12-07T18:17:28.000Z	Comment	k4V3Mo61fJM	Coldplay - Fix You
Adoro i coldplay la loro musica	Ugw4qQHJMHHEn-ldfEV4AaABAg	2018-12-07T17:13:01.000Z	Comment	k4V3Mo61fJM	Coldplay - Fix You
when you drop your ice cream	UgwSkFyeCKm5owABZ7p4AaABAg	2018-12-07T16:36:06.000Z	Comment	k4V3Mo61fJM	Coldplay - Fix You
Everlasting	UgxUaFj_9BE1BkKMt6h4AaABAg	2018-12-07T14:51:00.000Z	Comment	k4V3Mo61fJM	Coldplay - Fix You
December th k who still listens	UgwkId-GACk4EiQrmWZ4AaABAg	2018-12-07T14:21:53.000Z	Comment	k4V3Mo61fJM	Coldplay - Fix You
For freee	UgxciyF0lIN6MVFMLX94AaABAg	2018-12-07T14:08:53.000Z	Comment	k4V3Mo61fJM	Coldplay - Fix You
years later I still love this song	UgyctAmEEljWBxx-bGV4AaABAg	2018-12-07T13:25:56.000Z	Comment	k4V3Mo61fJM	Coldplay - Fix You
I don t understand how can anyone Dislike this song	UgxNfxLzzs0SlFHLBiB4AaABAg	2018-12-07T12:45:13.000Z	Comment	k4V3Mo61fJM	Coldplay - Fix You
Certainly	UgyftYPVR3BkmiXpciR4AaABAg.8oZdYR8OamE8oZghaQIm4Q	2018-12-07T18:45:04.000Z	Reply	k4V3Mo61fJM	Coldplay - Fix You
Anch io ogni canzone muove emozioni	Ugw4qQHJMHHEn-ldfEV4AaABAg.8oZXAIQXdDT8oZgjCVf4WH	2018-12-07T18:45:17.000Z	Reply	k4V3Mo61fJM	Coldplay - Fix You
first coment yay so cool lovethis song	Ugj_8Vg9wghssngCoAEC	2017-04-23T19:20:37.000Z	Comment	G8BctJzDoWY	THE CHAINSMOKER & COLDPAY-SOMETHING JUST LIKE THIS( ANIMATED LYRICS VIDEO)
U deserve more subs	Ugh9lwxmqu9tWXgCoAEC	2017-04-08T13:03:31.000Z	Comment	G8BctJzDoWY	THE CHAINSMOKER & COLDPAY-SOMETHING JUST LIKE THIS( ANIMATED LYRICS VIDEO)
NICE CAn u plz teach me how did u make it i subbed u	Ugg_nUhKDOqyV3gCoAEC	2017-04-03T14:40:59.000Z	Comment	G8BctJzDoWY	THE CHAINSMOKER & COLDPAY-SOMETHING JUST LIKE THIS( ANIMATED LYRICS VIDEO)
hmmm	UgzCj8nWKAfH4tjGhpJ4AaABAg	2017-03-25T23:07:08.000Z	Comment	G8BctJzDoWY	THE CHAINSMOKER & COLDPAY-SOMETHING JUST LIKE THIS( ANIMATED LYRICS VIDEO)
Hey thanks for subscribing This is actually a whiteboard animation video I used videoscribe to make it It is easy to use and you can search for videoscribe tutorials on youtube	Ugg_nUhKDOqyV3gCoAEC.8QtpUUQEdbU8R67nDLz0ZK	2017-04-08T18:39:50.000Z	Reply	G8BctJzDoWY	THE CHAINSMOKER & COLDPAY-SOMETHING JUST LIKE THIS( ANIMATED LYRICS VIDEO)
Home Tube You can	Ugg_nUhKDOqyV3gCoAEC.8QtpUUQEdbU8Qyya6WEgEu	2017-04-05T14:36:44.000Z	Reply	G8BctJzDoWY	THE CHAINSMOKER & COLDPAY-SOMETHING JUST LIKE THIS( ANIMATED LYRICS VIDEO)
Really	Ugg_nUhKDOqyV3gCoAEC.8QtpUUQEdbU8QypoaTm-wb	2017-04-05T13:20:04.000Z	Reply	G8BctJzDoWY	THE CHAINSMOKER & COLDPAY-SOMETHING JUST LIKE THIS( ANIMATED LYRICS VIDEO)
Hum tube you suck	Ugg_nUhKDOqyV3gCoAEC.8QtpUUQEdbU8Quxs6tvTXU	2017-04-04T01:13:30.000Z	Reply	G8BctJzDoWY	THE CHAINSMOKER & COLDPAY-SOMETHING JUST LIKE THIS( ANIMATED LYRICS VIDEO)
aie les oreilles	UgjfhzLj7hIdJngCoAEC	2016-01-15T10:25:07.000Z	Comment	TvfuFdIIN7c	coldpay the scientist
merci beaucoup	UgxOJsn5S1zWwh3mfv14AaABAg	2013-03-24T09:33:09.000Z	Comment	TvfuFdIIN7c	coldpay the scientist
J adore	Ugzfjl0pkW1aRwNkg0V4AaABAg	2013-03-23T23:38:27.000Z	Comment	TvfuFdIIN7c	coldpay the scientist
Beautiful clip It brings tears to my eyes to know I was lucky enough to experience it too	Ughq3tGoB3Q09XgCoAEC	2017-06-23T15:39:07.000Z	Comment	8B8YiTHOfnY	Coldpay Warsaw 2017
GREAT video I can t wait to see them again in August	Ugj6-6Sw1c3haHgCoAEC	2017-06-21T04:09:29.000Z	Comment	8B8YiTHOfnY	Coldpay Warsaw 2017
hey amigo est buen simo el video quisiera saber si lo puedo usar para una compilaci n de videos de distintos pa ses qu dices si no te parece no hay problema	Ugzrc9HKwQrK623-zrx4AaABAg	2018-04-19T07:12:30.000Z	Comment	zpOEq0rEcMg	Colombia: Hymn for the Weekend - Coldpay & Alan Walker
Me encantaaaaaaa	Ugxe8c4j-mIFUTZo-a54AaABAg	2017-12-07T02:32:16.000Z	Comment	zpOEq0rEcMg	Colombia: Hymn for the Weekend - Coldpay & Alan Walker
genial el video me gusto mucho las tomas en los tuneles del castilo	UgwxMPZAO69evgF27sV4AaABAg	2017-11-02T03:12:31.000Z	Comment	zpOEq0rEcMg	Colombia: Hymn for the Weekend - Coldpay & Alan Walker
How did you do the transition at	Ugy1_YVZ1bmR41cJUeF4AaABAg	2017-09-29T14:33:41.000Z	Comment	zpOEq0rEcMg	Colombia: Hymn for the Weekend - Coldpay & Alan Walker
Cu l es el programa	UgwSa65Cs8ExQvDCcGN4AaABAg	2017-08-28T10:43:54.000Z	Comment	zpOEq0rEcMg	Colombia: Hymn for the Weekend - Coldpay & Alan Walker
Que c mara usas para las filmaciones Muy bueno el video	UgiAk5oj5VufbngCoAEC	2017-06-03T22:16:48.000Z	Comment	zpOEq0rEcMg	Colombia: Hymn for the Weekend - Coldpay & Alan Walker
Sam Kolder style	UggNrNF2WZbXwXgCoAEC	2017-04-17T01:23:10.000Z	Comment	zpOEq0rEcMg	Colombia: Hymn for the Weekend - Coldpay & Alan Walker
Precioso Colombia Desde Mexico	Ugi0p9sCGE3uIXgCoAEC	2017-03-12T07:09:21.000Z	Comment	zpOEq0rEcMg	Colombia: Hymn for the Weekend - Coldpay & Alan Walker
q v deo tan hermoso Saludos parse desde Colombia	UghRmDQfZciit3gCoAEC	2017-03-06T15:58:28.000Z	Comment	zpOEq0rEcMg	Colombia: Hymn for the Weekend - Coldpay & Alan Walker
Hola amigo no tubo problemas con viajar con el drone Esta semana salgo de chile con mi ph alg n tips	UgiQOfoNl6Fz3XgCoAEC	2017-03-01T04:15:31.000Z	Comment	zpOEq0rEcMg	Colombia: Hymn for the Weekend - Coldpay & Alan Walker
muy buen video gracias por mostrar lo bonito de mi pa s	UgjAhWkwbkhFWXgCoAEC	2016-11-21T13:42:06.000Z	Comment	zpOEq0rEcMg	Colombia: Hymn for the Weekend - Coldpay & Alan Walker
Dale pero promete ponerle el coraz n	Ugzrc9HKwQrK623-zrx4AaABAg.8fD411ixv2X8fDXoqe4b5s	2018-04-19T11:32:50.000Z	Reply	zpOEq0rEcMg	Colombia: Hymn for the Weekend - Coldpay & Alan Walker
i will try to explain it first there is a normal transition between two layers of the same clip you can see when the guy dancing first layer in slow motion turns black and white second layer with opacity fusion mode screen i think you should try diferent modes and then there is a drone shot that starts with a animated slide beneath the second layer so the opacity modes of the second layer keeps some parts of the black and white footage if that not helps try looking for chungda luma presets	Ugy1_YVZ1bmR41cJUeF4AaABAg.8Y5iwaTcK5i8Y7J8tgZ9y5	2017-09-30T05:18:03.000Z	Reply	zpOEq0rEcMg	Colombia: Hymn for the Weekend - Coldpay & Alan Walker
Gas Media adobe premiere	Ugy1_YVZ1bmR41cJUeF4AaABAg.8Y5iwaTcK5i8Y6oD_WrGAP	2017-09-30T00:39:04.000Z	Reply	zpOEq0rEcMg	Colombia: Hymn for the Weekend - Coldpay & Alan Walker
what program are you in	Ugy1_YVZ1bmR41cJUeF4AaABAg.8Y5iwaTcK5i8Y6o7rWBiVW	2017-09-30T00:38:17.000Z	Reply	zpOEq0rEcMg	Colombia: Hymn for the Weekend - Coldpay & Alan Walker
Gas Media thank you Do you know what the transition is called I am trying to look for a tutorial	Ugy1_YVZ1bmR41cJUeF4AaABAg.8Y5iwaTcK5i8Y666Plts61	2017-09-29T18:04:52.000Z	Reply	zpOEq0rEcMg	Colombia: Hymn for the Weekend - Coldpay & Alan Walker
Hi Goody look is a mix of a linear slide with graduation and a extra layer with opacity adjustments something like the screen option and the rest is just simple animation and timing	Ugy1_YVZ1bmR41cJUeF4AaABAg.8Y5iwaTcK5i8Y6-K49X-1w	2017-09-29T17:05:34.000Z	Reply	zpOEq0rEcMg	Colombia: Hymn for the Weekend - Coldpay & Alan Walker
muy bueno	UgwSa65Cs8ExQvDCcGN4AaABAg.8WnvCeWT8gR8WnvINVlLUq	2017-08-28T10:44:41.000Z	Reply	zpOEq0rEcMg	Colombia: Hymn for the Weekend - Coldpay & Alan Walker
Es una sony a II y una gopro black	UgiAk5oj5VufbngCoAEC.8TMi8Iyz4m58TNC23C0iXp	2017-06-04T02:46:50.000Z	Reply	zpOEq0rEcMg	Colombia: Hymn for the Weekend - Coldpay & Alan Walker
No tengo idea sino no te consultar a P	UgiAk5oj5VufbngCoAEC.8TMi8Iyz4m58TN9K4PxE3h	2017-06-04T02:23:04.000Z	Reply	zpOEq0rEcMg	Colombia: Hymn for the Weekend - Coldpay & Alan Walker
te digo sin problemas pero antes dime tu cuales crees que uso	UgiAk5oj5VufbngCoAEC.8TMi8Iyz4m58TN4LfTpRjt	2017-06-04T01:39:36.000Z	Reply	zpOEq0rEcMg	Colombia: Hymn for the Weekend - Coldpay & Alan Walker
Buena Niko hay mejores	UggNrNF2WZbXwXgCoAEC.8RRSJK0tvwD8Rt6DVpxni2	2017-04-28T04:28:06.000Z	Reply	zpOEq0rEcMg	Colombia: Hymn for the Weekend - Coldpay & Alan Walker
tu padre style	UggNrNF2WZbXwXgCoAEC.8RRSJK0tvwD8RkQrhzPqM8	2017-04-24T19:35:20.000Z	Reply	zpOEq0rEcMg	Colombia: Hymn for the Weekend - Coldpay & Alan Walker
Pronto visitaremos las playas de M xico	Ugi0p9sCGE3uIXgCoAEC.8Q-NJLwFgtW8Q086Et-OlA	2017-03-12T14:15:44.000Z	Reply	zpOEq0rEcMg	Colombia: Hymn for the Weekend - Coldpay & Alan Walker
Colombia es Hermoso	UghRmDQfZciit3gCoAEC.8Pls5U1OD_t8Plvp0RI5qD	2017-03-06T16:31:02.000Z	Reply	zpOEq0rEcMg	Colombia: Hymn for the Weekend - Coldpay & Alan Walker
ll valo en equipaje de mano y por tu seguridad las bater as en bolsas lippo	UgiQOfoNl6Fz3XgCoAEC.8PYjfV1133p8P_8oQ24w9g	2017-03-01T17:23:10.000Z	Reply	zpOEq0rEcMg	Colombia: Hymn for the Weekend - Coldpay & Alan Walker
Gracias Santiago esperamos volver por Santa Marta	UgjAhWkwbkhFWXgCoAEC.8LYG0jO7X2b8L_t5qHt0Ke	2016-11-22T14:10:48.000Z	Reply	zpOEq0rEcMg	Colombia: Hymn for the Weekend - Coldpay & Alan Walker
muy chulo me gusta la musica	Ugx3JApoC0vZIGXi-Wh4AaABAg	2008-10-24T20:52:22.000Z	Comment	iRkXwd4KV08	Viva la Vida - Coldpay
A tus ojos la vida parece de caramelo D	UgzqcwGyPMDn6aMs1dR4AaABAg	2008-10-21T21:34:47.000Z	Comment	iRkXwd4KV08	Viva la Vida - Coldpay
This was the most helpful video for learning this part I ll definitely be watching more videos	Ugyqy74WkLIouMA5b7J4AaABAg	2018-07-20T00:27:19.000Z	Comment	TIZWBN-tF4A	How to play Clocks by Coldpay on piano
Can u do some dragon ball super songs like this on slow motion	UgwubMzVcm5Y_AZ9dGF4AaABAg	2018-05-12T22:27:00.000Z	Comment	TIZWBN-tF4A	How to play Clocks by Coldpay on piano
please can you do a video of Elbows One day like this thanks	UgjEQDEONSs0kXgCoAEC	2017-07-14T21:31:15.000Z	Comment	TIZWBN-tF4A	How to play Clocks by Coldpay on piano
I learned it so easily with this video thank u so much I hope u make more videos so everyone can learn	Ugi3c4EkrI1i0ngCoAEC	2017-01-21T22:38:43.000Z	Comment	TIZWBN-tF4A	How to play Clocks by Coldpay on piano
THANK YOU Just a perfect tutorial	Uggxv7lRWQGx53gCoAEC	2016-11-08T01:07:11.000Z	Comment	TIZWBN-tF4A	How to play Clocks by Coldpay on piano
I played it on my keyboard and it sounded awesome	UgiO6Ox8XFyAfHgCoAEC	2016-01-11T15:21:14.000Z	Comment	TIZWBN-tF4A	How to play Clocks by Coldpay on piano
awesome	UgifoXe_a-XhG3gCoAEC	2015-12-29T03:07:47.000Z	Comment	TIZWBN-tF4A	How to play Clocks by Coldpay on piano
Thanks	Ugj0V_gQ2NgmRXgCoAEC	2015-12-26T21:52:52.000Z	Comment	TIZWBN-tF4A	How to play Clocks by Coldpay on piano
Coldpay	UggD4-IUVYTuTngCoAEC	2015-12-24T23:13:01.000Z	Comment	TIZWBN-tF4A	How to play Clocks by Coldpay on piano
there is a difference here when looking at other videos finger no should play E flat instead of F	UghtddzAkjFrw3gCoAEC	2015-07-22T21:50:49.000Z	Comment	TIZWBN-tF4A	How to play Clocks by Coldpay on piano
Thank you	UghYDSjUdnueMngCoAEC	2015-07-07T08:35:06.000Z	Comment	TIZWBN-tF4A	How to play Clocks by Coldpay on piano
It is good	Ugg9tN6TL4dGp3gCoAEC	2015-06-06T02:32:51.000Z	Comment	TIZWBN-tF4A	How to play Clocks by Coldpay on piano
Hey can you do a video for almost lover and or promise reprise	UgjPJgJdPKYqnngCoAEC	2015-06-02T06:47:53.000Z	Comment	TIZWBN-tF4A	How to play Clocks by Coldpay on piano
Well done with numbers too and various speeds thumbs up Good job	UghzFUotLwRo43gCoAEC	2015-02-26T23:28:27.000Z	Comment	TIZWBN-tF4A	How to play Clocks by Coldpay on piano
Better than other stupid ass videos who explained it with words or others who go MPH thinking everyone should know like the video host WRONG Everyone is different And if people were so advanced no need to see any video Too many POOR tutorials This person KNOWS how to teach it right Loved it	UgjNiV_LLBW3XXgCoAEC	2015-02-26T23:24:47.000Z	Comment	TIZWBN-tF4A	How to play Clocks by Coldpay on piano
excellent NO words but good STEP BY STEP easy to follow A smart uploader Thx much NO bull shit Well done For those who think too SLOW work at your own speed plse do The idea with this video is to get the concepts I got it now	UggFanxFw-aDh3gCoAEC	2015-02-26T23:21:58.000Z	Comment	TIZWBN-tF4A	How to play Clocks by Coldpay on piano
Really worked	Ugi8jS9j2Rr3dXgCoAEC	2015-02-22T02:00:18.000Z	Comment	TIZWBN-tF4A	How to play Clocks by Coldpay on piano
Sounds really weird slowed down	Ugjter-CRzR0cXgCoAEC	2015-01-18T14:32:17.000Z	Comment	TIZWBN-tF4A	How to play Clocks by Coldpay on piano
thanks but nxt time cud u like add the keys too	UggfUB9FwIPQOngCoAEC	2015-01-16T02:16:53.000Z	Comment	TIZWBN-tF4A	How to play Clocks by Coldpay on piano
Learn to read music in one month and you could learn this in a day literally	UgjNiV_LLBW3XXgCoAEC.7-H0Z7-F9om8k3kKmbQmQB	2018-08-17T22:55:30.000Z	Reply	TIZWBN-tF4A	How to play Clocks by Coldpay on piano
Lol you guys are slow	UgjNiV_LLBW3XXgCoAEC.7-H0Z7-F9om8YUg5NmRkzd	2017-10-09T07:09:49.000Z	Reply	TIZWBN-tF4A	How to play Clocks by Coldpay on piano
I hate this guy	UgjNiV_LLBW3XXgCoAEC.7-H0Z7-F9om78OFjYr3a6u	2015-10-11T11:34:39.000Z	Reply	TIZWBN-tF4A	How to play Clocks by Coldpay on piano
I know this guy rocks	UgjNiV_LLBW3XXgCoAEC.7-H0Z7-F9om736QhIN5QNO	2015-06-02T06:47:09.000Z	Reply	TIZWBN-tF4A	How to play Clocks by Coldpay on piano
ETsonggalaxy I agree or those people who cover there hands on every god damn key saying click this one which one which god damn one haha this one was great need more like it	UgjNiV_LLBW3XXgCoAEC.7-H0Z7-F9om71pRGqXkcBO	2015-05-01T10:34:25.000Z	Reply	TIZWBN-tF4A	How to play Clocks by Coldpay on piano
que cercaa	UgwHnGwbfRdqHH7vKmR4AaABAg	2010-10-05T19:48:52.000Z	Comment	Eliaw5c8aNE	COLDPAY - Lovers in Japan @ BOGOTA, COLOMBIA
el mejor del mejor sip despues de madrugar desde las como q era imposible no jajaj thx lo	UgwlVnPcgKKe7rkxUsV4AaABAg	2010-07-28T04:56:57.000Z	Comment	Eliaw5c8aNE	COLDPAY - Lovers in Japan @ BOGOTA, COLOMBIA
I tried my best but its hard to do it when thousands of ppl are jumping around u loll	Ugz4Zt3fltgQUnM0Aa54AaABAg	2010-07-28T04:56:34.000Z	Comment	Eliaw5c8aNE	COLDPAY - Lovers in Japan @ BOGOTA, COLOMBIA
por diossssssssssssssssssssssss	UgwfPxPBbIIoYaLffil4AaABAg	2010-03-06T19:49:24.000Z	Comment	Eliaw5c8aNE	COLDPAY - Lovers in Japan @ BOGOTA, COLOMBIA
Nice filming	Ugw1WgYwi8zNftldPwp4AaABAg	2010-03-05T21:44:44.000Z	Comment	Eliaw5c8aNE	COLDPAY - Lovers in Japan @ BOGOTA, COLOMBIA
meuf qui chante super bien sans mani re m rite d tre connue	UgjRpdHGO1Lz4HgCoAEC	2016-08-10T17:57:18.000Z	Comment	2I0DazVCzuc	Yellow  - Coldpay cover
OMG Roohhh et ces yeux	UggmRiO62ZesaHgCoAEC	2016-05-19T10:21:03.000Z	Comment	2I0DazVCzuc	Yellow  - Coldpay cover
super et j adore tes tattoos	UgiktY_GXTFv5ngCoAEC	2016-04-24T19:32:28.000Z	Comment	2I0DazVCzuc	Yellow  - Coldpay cover
Perfecto You have improved so much I love you	UghPSHWLAe81VHgCoAEC	2016-03-13T07:28:37.000Z	Comment	2I0DazVCzuc	Yellow  - Coldpay cover
J adore bravo By th Way j aime bcp ton rouge l vres c est quoi	Ugg37P5IHH1kkHgCoAEC	2016-03-05T14:34:44.000Z	Comment	2I0DazVCzuc	Yellow  - Coldpay cover
Tu as une voix douce et apaisante J coute a en bossant au bureau et mon dieu j crois que je vais la mettre en boucle JUsqu ce que a me d goute de la chanson ahah p Plus s rieusement j adore et je n avais jamais remarqu tous tes tattoos ils sont beaux	UghRbFJFdLHK_ngCoAEC	2016-03-02T14:40:06.000Z	Comment	2I0DazVCzuc	Yellow  - Coldpay cover
salut jaime bien	UgjILiWc9VYOYngCoAEC	2016-03-02T13:45:16.000Z	Comment	2I0DazVCzuc	Yellow  - Coldpay cover
Aur lie Malau	UggmRiO62ZesaHgCoAEC.8E2y9TtzvQO8E3AD4wznlc	2016-05-19T12:15:08.000Z	Reply	2I0DazVCzuc	Yellow  - Coldpay cover
r na Siklawi Merci Il me semble que je porte un RAL mat liquide de chez Sephora	Ugg37P5IHH1kkHgCoAEC.8B2IZtWTPG18B2JZjmEvK1	2016-03-05T14:43:27.000Z	Reply	2I0DazVCzuc	Yellow  - Coldpay cover
Mademoiselle vi Merci beaucoup c est adorable Et pour les tattoos ce sont des temporaires	UghRbFJFdLHK_ngCoAEC.8Av_naL7FQs8Avdoebo3iJ	2016-03-02T15:15:11.000Z	Reply	2I0DazVCzuc	Yellow  - Coldpay cover
dominique ricaud ravie que a te plaise	UgjILiWc9VYOYngCoAEC.8AvUX1FMvDa8AvUaswVXc2	2016-03-02T13:45:56.000Z	Reply	2I0DazVCzuc	Yellow  - Coldpay cover
Elza Soko	UgibyB164s8NyngCoAEC.8AvC8UhiUHL8AvCPTXKNZQ	2016-03-02T11:06:57.000Z	Reply	2I0DazVCzuc	Yellow  - Coldpay cover
ost	UgwG8TmC465DCOlfZXZ4AaABAg	2018-09-04T12:32:15.000Z	Comment	xD9DVX5nJAA	외국에서 버스킹 도전 (Viva la vida - coldpay)
op ed	UgykXzwlhfDzizvrBlh4AaABAg	2018-08-27T02:43:11.000Z	Comment	xD9DVX5nJAA	외국에서 버스킹 도전 (Viva la vida - coldpay)
qvb	Ugzly8dqzCzBa7-dYi94AaABAg	2018-08-26T21:42:19.000Z	Comment	xD9DVX5nJAA	외국에서 버스킹 도전 (Viva la vida - coldpay)
Tsra official	UgwG8TmC465DCOlfZXZ4AaABAg.8klzJfZYdvf8kown9gQ205	2018-09-05T16:07:55.000Z	Reply	xD9DVX5nJAA	외국에서 버스킹 도전 (Viva la vida - coldpay)
Tsra	Ugygt1TwM30rn19Eo8x4AaABAg.8keecQNcBjP8kffMZbfjNn	2018-09-02T01:42:26.000Z	Reply	xD9DVX5nJAA	외국에서 버스킹 도전 (Viva la vida - coldpay)
Sean Cowles	Ugzly8dqzCzBa7-dYi94AaABAg.8kQn6_laiLb8kQtD9Wph_g	2018-08-26T22:35:38.000Z	Reply	xD9DVX5nJAA	외국에서 버스킹 도전 (Viva la vida - coldpay)
Tsra	Ugzly8dqzCzBa7-dYi94AaABAg.8kQn6_laiLb8kQov1p7px7	2018-08-26T21:58:04.000Z	Reply	xD9DVX5nJAA	외국에서 버스킹 도전 (Viva la vida - coldpay)
Want to download this video See the description for the details	UgwdkXCGL0WeNdzjVNR4AaABAg	2018-04-11T14:08:06.000Z	Comment	Xi06oxxD1kA	Fix You - Coldpay (Moira dela Torre and Keiko Necessario cover) Lyrics
Ang galing nyong dalawa ate moira	UgxmwcaNfMHspldNR3d4AaABAg	2018-05-24T00:44:14.000Z	Comment	Xi06oxxD1kA	Fix You - Coldpay (Moira dela Torre and Keiko Necessario cover) Lyrics
bat indi maganda ung rendition nya wala masyadong emotion sa kanta hindi nararamdaman	UgwfXxThDc6OhJhHXIh4AaABAg	2018-04-02T05:55:25.000Z	Comment	Xi06oxxD1kA	Fix You - Coldpay (Moira dela Torre and Keiko Necessario cover) Lyrics
soft talaga ang bosses mo ate moira	Ugyma-bWYdoPRlNibp94AaABAg	2017-12-28T00:38:16.000Z	Comment	Xi06oxxD1kA	Fix You - Coldpay (Moira dela Torre and Keiko Necessario cover) Lyrics
arvin Poster siguro dahil may kaduet Medyo naging magulo	UgwfXxThDc6OhJhHXIh4AaABAg.8eX9gcvjfKi8f78Ft8dBIm	2018-04-16T23:54:02.000Z	Reply	Xi06oxxD1kA	Fix You - Coldpay (Moira dela Torre and Keiko Necessario cover) Lyrics
good	Ugw97Wc0EdKXwgs0Ga54AaABAg	2011-07-08T07:00:20.000Z	Comment	5Ebomp0u3HE	Coldpay - Politik
rocker I thumped up	Ugzr1PUOCiA1xIjqeqN4AaABAg	2011-07-07T21:50:18.000Z	Comment	5Ebomp0u3HE	Coldpay - Politik
haha as if you bothered	UgxU8j1CN4RLB-QcMwh4AaABAg	2011-07-07T17:08:37.000Z	Comment	5Ebomp0u3HE	Coldpay - Politik
all american rejects	UgwFXlWL5odjOV-ZxdV4AaABAg	2011-03-21T20:34:12.000Z	Comment	5Ebomp0u3HE	Coldpay - Politik
I know It s my friends account i just wanted to annoy him	UgyZtzbs8fmpmxqTiy54AaABAg	2011-03-21T17:15:03.000Z	Comment	5Ebomp0u3HE	Coldpay - Politik
rocker I love this D	UgzyC8mL7HM8PM9MQ2p4AaABAg	2010-09-22T21:34:19.000Z	Comment	5Ebomp0u3HE	Coldpay - Politik
What is this SHIT	UgyYjj3Z0ca0w2jhTA94AaABAg	2010-09-21T22:39:19.000Z	Comment	5Ebomp0u3HE	Coldpay - Politik
BEN WWE LOVE U	UgxrOuANTL2fFCXTQ854AaABAg	2009-01-18T10:22:41.000Z	Comment	5Ebomp0u3HE	Coldpay - Politik
im not as disturbed as you guys think its all a joke oh except the bit about your mum lol	UgxtMI0rnp1wZvqFwCh4AaABAg	2009-01-17T23:01:16.000Z	Comment	5Ebomp0u3HE	Coldpay - Politik
you were i don t count	Ugy-wdTBsVAjQAcGo394AaABAg	2009-01-17T23:00:26.000Z	Comment	5Ebomp0u3HE	Coldpay - Politik
NICE BEN i thought id be first to comment on your video	Ugws7FPEwFWhTU-V0Tp4AaABAg	2009-01-02T18:03:30.000Z	Comment	5Ebomp0u3HE	Coldpay - Politik
Manufactured by ExcelSecu	Ugw78MoM1hZgrPOs4Sl4AaABAg	2018-09-25T13:38:55.000Z	Comment	UDnuQx3TE6w	GRAFT ColdPay Cold Wallet + Payment Card
Why is the thumb covering the logo is it graft or another Chinese company s logo on it	UgzMUfVkEVcWGDSE6DV4AaABAg	2018-09-24T21:06:16.000Z	Comment	UDnuQx3TE6w	GRAFT ColdPay Cold Wallet + Payment Card
Great	Ugx2UAR-OSHLV_8ND214AaABAg	2018-09-24T20:32:37.000Z	Comment	UDnuQx3TE6w	GRAFT ColdPay Cold Wallet + Payment Card
Awesome The crypto world will need this	Ugzn7cFuCAKx7p0xpy54AaABAg	2018-09-24T19:12:47.000Z	Comment	UDnuQx3TE6w	GRAFT ColdPay Cold Wallet + Payment Card
You are correct we re not designing the card itself it would be too much defocusing from GRAFT Blockchain main development efforts and requires different expertise and a major investment We found this card to be a very good fit for what we wanted the wallet payment card to be and to do both functionality and security wise We re producing software that enables a version of this card to work within the GRAFT payment eco system this will also serve as a reference for other such cards	UgzMUfVkEVcWGDSE6DV4AaABAg.8laP1ufTo0v8lf6okCRWBM	2018-09-26T17:03:14.000Z	Reply	UDnuQx3TE6w	GRAFT ColdPay Cold Wallet + Payment Card
Je suis perdu sans toi Chris	UgyXGH2R0_-vDRk5Zk54AaABAg	2018-03-09T07:23:45.000Z	Comment	H99q8TqNt6E	Coldpay in my place traduction française
J adore	Ugx3efkfV1cGvsHCBux4AaABAg	2018-02-16T05:16:31.000Z	Comment	H99q8TqNt6E	Coldpay in my place traduction française
merci vous pour la traduction et vid o superbe	UghdQgFRfEWiFngCoAEC	2016-09-29T05:13:03.000Z	Comment	H99q8TqNt6E	Coldpay in my place traduction française
best cover I ve heard	Ugzs9cgQLzDiYQn0AJh4AaABAg	2018-04-15T05:16:02.000Z	Comment	udh0OZvzSec	The Scientist (Electric Guitar) - Coldpay Cover
read the description bar	UgyUGwXsgzSxqmgn5154AaABAg	2011-07-19T18:51:52.000Z	Comment	udh0OZvzSec	The Scientist (Electric Guitar) - Coldpay Cover
great cover could you send me the sheet music please	UgyhtvN74fzr7SdVq2F4AaABAg	2011-07-18T22:26:02.000Z	Comment	udh0OZvzSec	The Scientist (Electric Guitar) - Coldpay Cover
its supposed to be a half step you know	UgzGCsc-Y2GRx3KoBW94AaABAg	2011-04-23T23:10:06.000Z	Comment	udh0OZvzSec	The Scientist (Electric Guitar) - Coldpay Cover
That s how Coldplay s guitarist Jonny Buckland plays it I d be happy to get you the sheet music for it	UgxviWq3wPNB2G3YRiN4AaABAg	2011-01-19T06:56:59.000Z	Comment	udh0OZvzSec	The Scientist (Electric Guitar) - Coldpay Cover
the bending part is not very good Do a full bend thats a half bend only	UgyLS7MpoAhwweUpmD54AaABAg	2010-11-24T12:54:15.000Z	Comment	udh0OZvzSec	The Scientist (Electric Guitar) - Coldpay Cover
I m not using any effects here	UgwcmtJuYQzlER_DDex4AaABAg	2010-10-02T14:17:37.000Z	Comment	udh0OZvzSec	The Scientist (Electric Guitar) - Coldpay Cover
U have great voice but much skin	Ugj09NmVljSqengCoAEC	2016-02-07T13:26:33.000Z	Comment	0n14yGrhrjk	Fiona Gillespie - Fix You (coldpay cover)
your amazing	Ugx9PawuxK9rnnz4TM54AaABAg	2012-02-12T13:30:07.000Z	Comment	0n14yGrhrjk	Fiona Gillespie - Fix You (coldpay cover)
Beautiful vocals	UgxAjj0ATPBETcVKfoZ4AaABAg	2012-02-08T04:02:46.000Z	Comment	0n14yGrhrjk	Fiona Gillespie - Fix You (coldpay cover)
Great video felt like I was there singing along with you good positive energy Thanks	Ugy79CPTqj2LsCAToYx4AaABAg	2010-02-06T00:01:57.000Z	Comment	R09DEuKrlvI	Fix you - Coldpay
Ficou massa	UgzWeGJVmCt64JW3gVd4AaABAg	2017-10-17T11:32:49.000Z	Comment	1cOCoC2PBtM	FIX YOU COLDPAY COVER
This video gives me chills	UgygCLcoiD5A1QGYRJ14AaABAg	2009-10-25T18:03:58.000Z	Comment	9xPBQZYMKcE	coldpay live selection
grabe	UgiyJNd3EXBoFngCoAEC	2017-05-09T23:39:01.000Z	Comment	Ruz5eU62fng	Coldpay kim dy ©ig story kimdy
Ang dami daming lalaki bat si Piolo p dami dami ng babae niyang d n lng naghanap ng iba si Shaina eh silahis p yta iyang	UgxDXL-VTXUH0nKgG7V4AaABAg	2017-11-06T11:05:00.000Z	Comment	RGt63T6Dhk0	SHAINA hinalikan ni PIOLO PASCUAL habang nanunuod ng concert ng coldpay
Wow swet	Ugw0AZ9ZKjdCU69t1I94AaABAg	2017-11-01T21:51:07.000Z	Comment	RGt63T6Dhk0	SHAINA hinalikan ni PIOLO PASCUAL habang nanunuod ng concert ng coldpay
que mal que se cambio el nombre me gustaba el actual	UgzD2_XGn_CLi9dQj6p4AaABAg	2018-12-08T02:34:14.000Z	Comment	dvgZkm1xWPE	Coldplay - Viva La Vida
I m certain this is my favorite song who else agrees	Ugzdc7PAFaMFg-m8A-54AaABAg	2018-12-08T01:45:59.000Z	Comment	dvgZkm1xWPE	Coldplay - Viva La Vida
Thes song is amazing	Ugxr3gUWnGEXB86OPBh4AaABAg	2018-12-08T01:29:26.000Z	Comment	dvgZkm1xWPE	Coldplay - Viva La Vida
mr Martin I don t feel so good	Ugyi6mkQbD-GTCyvFfZ4AaABAg	2018-12-08T00:33:47.000Z	Comment	dvgZkm1xWPE	Coldplay - Viva La Vida
This was the shit	UgwIoCfT1xQOuLuTKmN4AaABAg	2018-12-07T23:59:49.000Z	Comment	dvgZkm1xWPE	Coldplay - Viva La Vida
I really hate old songs but I love this one for some reason	UgxIcKVneDwnUBlqcvB4AaABAg	2018-12-07T22:48:31.000Z	Comment	dvgZkm1xWPE	Coldplay - Viva La Vida
chunks would load when i gave the word	UgwMPZB9X1mrym9w8kp4AaABAg	2018-12-07T22:27:24.000Z	Comment	dvgZkm1xWPE	Coldplay - Viva La Vida
incrivel esse cara lindo e talentoso amo esse som	Ugw_OSPLmp0hYoadQLx4AaABAg	2018-12-07T22:07:47.000Z	Comment	dvgZkm1xWPE	Coldplay - Viva La Vida
One of my favourite songs	Ugy2wuMppt3oPKnVOKR4AaABAg	2018-12-07T21:10:35.000Z	Comment	dvgZkm1xWPE	Coldplay - Viva La Vida
After the masterwork of X Y could Coldplay even do better they keep delivering Viva La Vida belonged on the charts a good year	UgzEfHmXtPo8BwqAHUN4AaABAg	2018-12-07T21:00:25.000Z	Comment	dvgZkm1xWPE	Coldplay - Viva La Vida
Nice	UgwBU_MdE4LBG7U7paJ4AaABAg	2018-12-07T20:46:59.000Z	Comment	dvgZkm1xWPE	Coldplay - Viva La Vida
BRs	Ugy8cxNncrzsKjQ1tjp4AaABAg	2018-12-07T19:06:44.000Z	Comment	dvgZkm1xWPE	Coldplay - Viva La Vida
Coldplay love from India	Ugy37jQLSA95VqJZ7oZ4AaABAg	2018-12-07T18:31:27.000Z	Comment	dvgZkm1xWPE	Coldplay - Viva La Vida
million likes	UgzeRC1BMGc62QRQi054AaABAg	2018-12-07T18:28:35.000Z	Comment	dvgZkm1xWPE	Coldplay - Viva La Vida
One of those few bands that never change	UgyC-cN4XkkfPOcxIuR4AaABAg	2018-12-07T17:30:22.000Z	Comment	dvgZkm1xWPE	Coldplay - Viva La Vida
This is a really good song It s sad that kids listen to all this crap now and not the true songs like this one ABSOLUTELY LEGENDARY	UgyxqY2eHyBWPWf6Gt94AaABAg	2018-12-07T15:46:10.000Z	Comment	dvgZkm1xWPE	Coldplay - Viva La Vida
Took me years to notice that this song was uploadet on my birthday	UgyEkw37qMjbT95aM_14AaABAg	2018-12-07T14:43:52.000Z	Comment	dvgZkm1xWPE	Coldplay - Viva La Vida
I just came from watching the Minecraft parody version and I m holding back my tears lmao	UgxueHwJiD_WXmJ3yxB4AaABAg	2018-12-07T14:01:35.000Z	Comment	dvgZkm1xWPE	Coldplay - Viva La Vida
sick	Ugj3O0MBvPUBWXgCoAEC	2014-02-01T02:45:53.000Z	Comment	WFAvFhtjzYo	coldpay
are u drink driving	UgwCURiOUhFtGTFkFTJ4AaABAg	2012-06-26T17:45:26.000Z	Comment	WFAvFhtjzYo	coldpay
acUstic WTF	UgjLad96smsyx3gCoAEC	2013-12-08T14:49:41.000Z	Comment	UjqQyYeOatI	Yellow (Acustic) ► Coldpay
Quanti ricordi sparsi	Ugx_BZIfzz3niN2SrF94AaABAg	2013-10-04T14:07:59.000Z	Comment	UjqQyYeOatI	Yellow (Acustic) ► Coldpay
omg Where is this show i need some images from it	Ugyhk_LxduFXs5ZHCyd4AaABAg	2013-08-10T18:49:04.000Z	Comment	UjqQyYeOatI	Yellow (Acustic) ► Coldpay
leaves me speechless	Ugy2ntmezC119OyKzJ54AaABAg	2013-07-24T09:18:53.000Z	Comment	UjqQyYeOatI	Yellow (Acustic) ► Coldpay
it s a perfection beauty of music i love love love it	UgyzGGMx4eQ9zcAzW1t4AaABAg	2013-04-29T21:44:27.000Z	Comment	UjqQyYeOatI	Yellow (Acustic) ► Coldpay
Chris Martins beautiful voice	UgzB_meNVFvL4i4U1qp4AaABAg	2013-04-15T02:40:34.000Z	Comment	UjqQyYeOatI	Yellow (Acustic) ► Coldpay
ppl	Ugwr5KdWswQei0f-r414AaABAg	2013-04-05T03:18:19.000Z	Comment	UjqQyYeOatI	Yellow (Acustic) ► Coldpay
This is the kind of crowd I love They aren t shouting and screaming	UgyNT_xXfvSnQ6l6QjZ4AaABAg	2013-03-14T18:34:59.000Z	Comment	UjqQyYeOatI	Yellow (Acustic) ► Coldpay
i know that but why that face D	UgwNkftYyemKkATikp14AaABAg	2013-01-14T21:18:45.000Z	Comment	UjqQyYeOatI	Yellow (Acustic) ► Coldpay
It s ColdpLay	Ugygy5GXPo3tpxAy5Yx4AaABAg	2013-01-13T22:35:42.000Z	Comment	UjqQyYeOatI	Yellow (Acustic) ► Coldpay
what s with them	UgyuOevA3pk5awqZn614AaABAg	2013-01-13T21:59:59.000Z	Comment	UjqQyYeOatI	Yellow (Acustic) ► Coldpay
Coldpay	UgxgWMIniz5aC8clY8V4AaABAg	2012-11-08T17:10:29.000Z	Comment	UjqQyYeOatI	Yellow (Acustic) ► Coldpay
you mean three	UgzMktjTM_L9nIH_hGR4AaABAg	2012-10-30T02:50:09.000Z	Comment	UjqQyYeOatI	Yellow (Acustic) ► Coldpay
and if you Talk about the Speed of Sound	Ugz4iekOlzFNJizijO54AaABAg	2012-09-29T15:06:47.000Z	Comment	UjqQyYeOatI	Yellow (Acustic) ► Coldpay
The intro song must be some remix of Speed of sound	UgxwOWhPpVcKEn5Esq94AaABAg	2012-09-07T14:56:32.000Z	Comment	UjqQyYeOatI	Yellow (Acustic) ► Coldpay
la gente es esta at nita de ver semejante espect culo	UgwxRBZXtOMkWF1Ikhh4AaABAg	2012-08-29T00:14:57.000Z	Comment	UjqQyYeOatI	Yellow (Acustic) ► Coldpay
Beautiful Aloha and Mahalo with a smile in yellow	UgyN1LJEjdJIkgGacj14AaABAg	2012-08-12T17:01:11.000Z	Comment	UjqQyYeOatI	Yellow (Acustic) ► Coldpay
Guy is the most beautiful component of the band We re everybody hot but he s piping hot Chris Martin soooooo true P	UgxK-hkv9wMJM9GH9Fl4AaABAg	2012-07-15T14:26:43.000Z	Comment	UjqQyYeOatI	Yellow (Acustic) ► Coldpay
loooove this song so much	UgziWdiHNIjXSTkA4Jt4AaABAg	2012-04-12T22:29:04.000Z	Comment	UjqQyYeOatI	Yellow (Acustic) ► Coldpay
Jeg sked hh ja jeg sked en bums	Ugzp7K4sNtvlQQrMASF4AaABAg	2012-03-15T20:48:53.000Z	Comment	UjqQyYeOatI	Yellow (Acustic) ► Coldpay
Rest in peace to all of those who lost their life in the Sewol Ferry accident	UgwwnGsvilgrI02qJ4B4AaABAg	2018-04-17T05:08:12.000Z	Comment	1d9eEH5lPt8	Coldpay(콜드플레이) - Yellow 세월호 추모 Pray for Sewol Ferry
